MSI;BRAF;KRAS;NRAS;PIK3CA;TP53;PTEN;TRANSL;APC;CTNNB1;FBXW7;SMAD4;PTEN_3;TP53_4
0;0;0;0;1;0;0;0;0;0;0;0;0;0
0;0;1;0;0;0;0;0;0;0;0;0;0;0
0;0;1;0;0;0;0;0;0;0;0;0;0;0
0;0;1;0;1;1;1;0;0;0;0;0;0;0
0;0;1;0;1;0;0;0;0;0;0;0;0;0
0;0;0;0;1;0;0;0;0;0;0;0;0;0
0;0;1;0;1;0;0;0;0;0;0;0;0;0
0;0;1;0;0;0;0;0;0;0;0;0;0;0
0;0;1;0;0;0;0;0;0;0;0;0;0;0
0;0;1;0;0;0;1;0;0;0;0;0;0;0
0;0;1;0;0;0;1;0;0;0;0;1;0;0
0;0;1;0;1;0;0;0;0;0;0;0;0;0
0;0;1;0;0;0;1;0;0;0;0;0;0;0
0;0;1;0;0;0;1;0;0;0;0;1;0;0
0;0;1;0;1;0;0;0;0;0;0;0;0;0
0;0;1;0;1;1;1;0;0;0;0;0;0;0
0;0;1;0;0;0;0;0;0;0;0;0;0;0
0;0;1;0;0;1;0;0;0;0;0;0;1;0
0;0;1;0;0;0;1;0;0;0;0;1;0;0
0;0;1;0;0;0;1;0;0;0;0;0;0;1
0;0;0;0;1;0;0;0;0;0;0;0;0;0
0;0;1;0;1;0;0;0;0;0;0;0;0;0
0;0;1;0;0;0;0;0;0;0;0;0;0;0
0;0;1;0;1;0;0;0;0;0;0;0;0;0
0;0;1;0;0;0;0;0;0;0;0;0;1;0
0;0;1;0;1;0;0;0;0;0;0;0;0;0
1;1;0;0;0;0;0;0;0;0;0;0;0;0
1;1;0;0;1;0;0;0;0;0;0;0;1;0
1;1;0;0;0;0;0;0;0;0;0;0;0;0
1;0;1;0;0;0;0;0;1;0;0;0;0;1
1;0;0;0;1;0;0;0;0;0;0;0;0;0
1;0;0;0;0;0;0;0;0;1;0;0;0;0
1;1;0;0;0;0;1;0;0;0;0;0;0;0
1;1;0;0;1;0;0;0;0;0;0;0;1;0
1;1;0;0;0;1;1;0;0;0;1;0;0;0
1;0;0;0;0;0;0;0;0;1;0;0;0;0
1;0;1;0;0;0;1;0;0;0;0;0;0;0
1;1;0;0;0;0;0;0;0;0;1;0;1;0
1;1;0;0;1;0;0;0;0;0;1;0;0;1
1;0;1;0;0;0;0;0;1;0;1;0;0;0
1;0;0;0;0;0;1;0;0;0;1;0;0;1
1;0;0;0;0;0;0;0;1;0;0;0;0;0
1;0;1;0;0;0;0;0;0;1;1;0;0;0
1;0;1;0;0;0;0;0;1;0;0;1;0;0
1;0;1;0;0;0;1;0;0;1;0;0;0;0
1;0;0;0;0;1;1;1;1;0;1;0;0;0
1;0;0;0;1;0;0;0;0;0;0;0;0;0
1;0;1;0;0;0;1;0;1;0;0;0;0;0
1;1;0;0;0;0;0;0;0;0;0;1;0;0
1;1;0;0;0;1;0;0;0;0;0;0;0;0
1;0;0;0;0;0;0;1;1;0;0;0;0;1
1;0;0;0;0;1;1;1;0;0;0;0;0;0
1;1;0;0;0;0;0;0;0;0;1;0;0;0
1;0;1;0;0;1;0;0;1;0;1;0;0;0
1;1;0;0;0;0;0;0;0;0;0;0;0;1
1;1;0;0;0;0;0;0;0;0;0;0;0;0
1;1;0;0;0;0;0;0;0;0;0;0;0;0
1;0;0;0;0;1;0;1;0;0;0;0;1;0
1;0;1;0;1;0;0;0;0;0;0;0;0;1
1;0;0;0;0;0;0;0;0;0;0;0;0;0
1;0;0;0;1;0;0;0;1;0;0;0;0;0
1;1;0;0;1;0;0;0;0;0;0;0;0;1
0;0;1;0;0;1;0;0;0;0;1;0;0;0
0;0;1;0;1;1;1;0;0;0;0;0;0;0
0;0;1;0;1;1;1;0;0;0;0;0;0;0
0;0;1;0;1;1;0;0;0;1;0;0;0;0
0;0;1;0;1;1;0;0;0;0;0;0;0;0
0;0;1;0;1;1;1;0;0;0;0;1;0;0
0;0;1;0;0;1;0;0;0;0;0;0;0;0
0;0;1;0;1;1;0;0;0;0;0;0;0;0
0;0;1;0;0;1;1;0;0;0;0;0;0;0
0;0;1;0;0;1;0;0;0;0;0;0;0;0
0;0;0;0;1;1;1;0;0;0;0;0;0;0
0;0;1;0;0;1;0;0;0;0;0;0;0;0
0;0;0;0;0;1;0;0;0;0;1;0;0;0
0;0;0;0;1;1;1;0;0;0;0;0;0;0
0;0;1;0;0;1;1;0;0;0;0;0;0;0
0;0;0;0;0;1;0;0;0;0;0;1;0;0
0;0;1;0;0;1;0;0;0;0;0;0;0;0
0;0;1;0;1;1;0;0;0;0;0;0;0;0
0;0;1;0;0;1;0;0;0;0;0;0;0;0
0;0;1;0;0;1;0;0;0;0;0;1;0;0
0;0;1;0;1;1;0;0;0;0;1;0;0;0
0;0;1;0;0;1;0;0;0;0;0;0;0;0
0;0;0;0;1;1;0;0;0;0;0;0;0;0
0;0;1;0;0;1;0;0;0;0;0;1;0;0
0;0;1;0;0;0;1;0;0;1;0;1;0;0
0;0;0;0;1;1;0;0;0;1;0;0;0;0
0;0;1;0;0;1;0;0;0;0;0;0;0;0
0;0;0;0;1;1;0;0;0;0;0;0;0;0
0;0;1;0;0;1;0;0;0;0;0;0;0;0
0;0;1;0;0;1;0;0;0;0;0;0;0;0
0;0;1;0;0;1;1;0;0;0;0;0;0;0
0;0;0;0;1;1;0;0;0;0;0;0;1;0
0;1;1;0;0;0;0;0;0;1;0;0;0;0
0;0;1;0;1;1;0;0;0;0;0;0;0;0
0;0;1;0;1;1;0;0;0;0;0;0;0;0
0;0;1;0;0;1;0;0;0;0;0;0;0;0
0;0;1;0;0;1;0;0;0;0;0;0;0;0
0;0;1;0;0;1;0;0;0;0;0;0;0;0
0;0;1;0;0;1;0;0;0;0;0;0;0;0
0;0;1;0;0;1;0;0;0;1;0;1;0;0
0;0;1;0;0;1;0;0;0;0;0;0;0;0
0;0;1;0;0;1;0;0;0;0;0;0;0;0
0;0;1;0;0;1;1;0;0;0;0;0;0;0
0;0;1;0;1;0;0;0;1;0;0;0;0;0
0;0;1;0;1;0;0;0;1;0;0;0;0;0
0;0;1;0;1;0;0;0;1;0;0;0;0;0
0;0;1;0;1;0;0;0;1;0;0;0;1;0
0;0;1;0;0;0;0;0;1;0;0;1;0;0
0;0;1;0;0;0;0;0;1;0;0;0;0;1
0;0;1;0;0;0;0;0;1;0;0;0;0;0
0;0;1;0;0;0;0;0;1;0;0;0;0;0
0;0;1;0;1;0;0;0;1;0;0;0;0;1
0;0;1;0;0;0;1;0;1;0;0;0;0;0
0;0;1;0;0;0;1;0;1;0;0;0;0;0
0;0;1;0;0;0;1;0;1;0;0;0;0;1
0;0;1;0;0;0;1;0;1;0;0;0;0;0
0;0;1;0;1;0;1;0;1;0;0;0;0;0
0;0;1;0;0;0;1;0;1;0;0;0;0;0
0;0;1;0;0;0;1;0;1;0;0;0;0;0
0;0;1;0;1;0;0;0;1;0;0;0;0;1
0;0;1;0;0;1;1;0;1;0;0;0;0;0
0;0;1;0;1;0;0;0;1;0;1;0;0;0
0;0;1;0;0;0;1;0;1;0;0;0;0;1
0;0;1;0;0;0;0;0;1;0;0;0;0;1
0;0;1;0;0;1;1;0;1;0;0;0;0;0
0;0;1;0;1;0;0;0;1;0;0;0;0;0
0;0;1;0;1;1;0;0;1;0;1;0;0;0
0;0;1;0;1;0;0;0;1;0;0;0;0;0
0;0;1;0;1;0;0;0;1;0;1;0;0;0
0;0;1;0;0;0;0;0;1;0;0;0;0;0
0;0;1;0;0;1;0;0;1;0;0;0;0;0
0;0;1;0;0;0;0;0;1;0;0;0;0;0
0;0;1;0;0;0;0;0;1;0;0;0;0;0
0;0;1;0;1;0;0;0;1;0;0;0;0;0
0;0;1;0;1;0;0;0;1;0;0;0;0;0
0;0;1;0;0;0;0;0;1;0;0;0;0;0
0;0;1;0;0;0;0;0;1;0;0;0;0;0
0;0;1;0;1;0;0;0;1;0;0;0;0;0
0;0;1;0;0;1;1;0;1;0;0;0;0;0
0;0;1;0;0;1;1;0;1;0;0;0;0;0
0;0;1;0;0;0;0;0;1;0;0;1;0;0
0;0;1;0;0;0;1;0;1;0;1;0;0;0
0;0;1;0;0;0;0;0;1;0;0;0;0;1
0;0;1;0;0;0;0;0;1;0;0;1;0;1
0;0;1;0;0;1;0;0;1;0;0;0;0;0
0;0;1;0;0;1;1;0;1;0;0;0;0;0
0;0;1;0;1;0;0;0;1;0;0;0;0;0
0;0;1;0;0;1;0;0;1;0;0;0;0;0
0;0;1;0;1;0;0;0;1;0;0;1;0;0
0;0;1;0;0;0;0;0;1;0;0;0;0;0
0;0;1;0;0;0;0;0;1;0;0;0;0;0
0;0;1;0;1;0;0;0;1;0;0;0;0;0
0;0;1;0;0;0;0;0;1;0;0;0;0;0
0;0;1;0;0;0;1;0;1;0;0;0;0;0
0;0;1;0;0;0;0;0;1;0;0;1;0;0
0;0;1;0;0;1;0;0;1;0;0;0;0;0
0;0;1;0;0;0;0;0;1;0;0;0;0;0
0;0;1;0;1;0;0;0;1;0;0;1;0;0
0;0;1;0;1;0;0;0;1;0;0;0;0;0
0;0;0;0;0;1;0;0;0;0;0;0;0;0
0;0;0;0;0;1;1;0;0;0;0;0;0;0
0;0;0;0;0;1;0;0;0;0;0;0;0;0
0;0;0;0;0;1;0;0;0;0;0;0;0;0
0;0;0;0;0;1;1;0;0;0;0;0;0;0
0;0;0;0;0;1;1;0;0;0;0;0;0;0
0;0;0;0;0;1;1;0;0;0;0;0;0;0
0;0;0;0;0;1;0;0;0;0;0;0;0;0
0;1;0;0;0;1;1;0;0;0;0;0;0;0
0;1;0;0;0;1;0;0;0;0;0;0;0;0
0;0;0;0;0;1;1;0;0;0;0;0;0;0
0;1;0;0;0;1;1;0;0;0;0;0;0;0
0;1;0;0;0;1;0;0;0;0;0;0;0;0
0;1;0;0;0;1;0;0;0;0;0;0;0;0
0;0;0;0;0;1;0;0;0;0;0;0;0;0
0;0;0;0;0;1;0;0;0;0;0;0;0;0
0;0;0;0;0;1;0;0;0;0;0;0;0;0
0;0;0;0;0;1;0;0;0;0;0;0;0;0
0;0;0;0;0;1;0;0;0;0;0;0;0;0
0;1;0;0;0;1;0;0;0;0;0;0;0;0
0;0;0;0;0;1;1;0;0;0;0;0;0;0
0;1;0;0;0;1;0;0;0;0;0;1;0;0
0;0;0;0;0;1;1;0;0;0;0;0;0;0
0;0;0;0;0;1;0;0;0;0;0;0;0;0
0;1;0;0;0;1;0;0;0;0;0;0;0;0
0;1;0;0;0;1;0;0;0;0;0;1;0;0
0;0;0;0;0;1;0;0;0;0;0;0;0;0
0;0;0;0;0;1;0;0;0;0;0;0;0;0
0;1;0;0;1;1;0;0;0;0;0;0;0;0
0;0;0;0;0;1;0;0;0;0;0;0;0;0
0;0;0;0;0;1;0;0;0;0;0;0;0;0
0;0;0;0;0;1;0;0;0;0;0;0;0;0
0;0;0;0;0;1;1;0;0;0;0;0;0;0
0;1;0;0;1;0;0;0;0;0;0;0;0;0
0;0;0;0;0;1;1;0;1;0;0;0;0;0
0;1;0;0;1;0;0;0;1;0;1;0;0;0
0;0;0;0;1;0;0;0;1;0;0;0;0;0
0;1;0;0;0;0;0;0;0;0;0;0;0;0
0;0;0;0;0;1;0;0;0;0;0;0;0;0
0;0;0;0;0;1;1;0;0;0;0;0;0;0
0;0;0;0;0;0;0;0;0;0;0;0;0;1
0;0;0;1;0;0;0;0;0;0;0;0;0;0
0;0;0;0;1;0;1;0;1;0;0;0;0;0
0;0;0;0;0;0;1;0;1;0;0;0;0;1
0;0;1;1;1;0;0;0;1;0;0;0;0;1
0;0;0;1;0;0;0;0;1;0;1;0;0;0
0;0;0;0;0;0;0;0;1;0;0;0;0;0
0;0;0;0;0;1;0;0;1;0;0;1;0;0
0;0;0;0;1;0;0;0;1;0;0;0;0;0
0;0;0;0;0;1;0;0;0;0;0;0;0;0
0;0;0;0;0;1;0;0;0;0;0;0;0;0
0;0;0;0;0;0;0;0;1;0;0;0;0;0
0;0;1;1;0;0;0;0;1;0;0;0;0;0
0;0;0;0;1;1;1;0;1;0;0;0;0;0
0;0;0;0;0;0;0;0;1;0;0;0;0;0
0;0;0;0;0;0;0;0;0;0;0;0;0;1
0;0;0;1;0;0;0;0;0;0;0;0;0;0
0;1;0;0;0;0;0;0;1;0;0;0;0;0
0;0;0;0;0;0;0;0;1;0;0;0;0;0
0;0;0;1;0;0;0;0;1;0;0;0;0;0
0;0;0;0;1;0;0;0;1;0;0;0;0;0
0;0;0;0;1;0;0;0;1;0;0;0;0;1
0;0;0;0;1;0;0;0;1;0;0;0;0;0
0;0;0;0;0;1;0;0;1;0;0;0;1;0
0;1;0;0;0;1;1;0;1;0;0;0;0;0
0;0;0;0;0;1;1;0;1;0;0;0;0;0
0;0;0;0;0;1;1;0;1;0;0;0;0;0
0;0;0;0;0;1;1;0;1;0;0;0;0;0
0;0;0;0;0;1;1;0;1;0;0;0;0;0
0;0;0;0;0;1;1;0;1;0;0;1;0;0
0;0;0;0;0;1;1;0;1;0;0;0;0;0
0;0;0;0;0;1;0;0;1;0;0;0;0;0
0;0;0;0;0;1;0;0;1;0;0;0;0;0
0;0;0;0;0;1;0;0;1;0;0;0;1;0
0;0;0;0;0;1;1;0;1;0;0;0;0;0
0;0;0;0;0;1;1;0;1;0;0;0;0;0
0;0;0;0;0;1;1;0;1;0;0;0;0;0
0;0;0;0;0;1;1;0;1;0;0;0;0;0
0;0;0;0;0;1;1;0;1;0;0;0;0;0
0;0;0;0;0;1;0;0;1;0;0;0;0;0
0;0;0;0;0;1;1;0;1;0;0;0;0;0
0;0;0;0;0;1;1;0;1;0;0;0;0;0
0;0;0;0;0;1;0;0;1;0;0;0;0;0
0;0;0;0;0;1;1;0;1;0;0;1;0;0
0;0;0;0;0;1;0;0;1;0;0;0;0;0
0;0;0;0;0;1;0;0;1;0;0;0;0;0
0;0;0;0;0;1;0;0;1;0;0;0;0;0
0;0;0;0;0;1;0;0;1;0;0;0;0;0
0;0;0;0;0;1;1;0;1;0;0;0;0;0
0;0;0;0;0;1;0;0;1;0;0;0;0;0
0;0;0;0;0;1;0;0;1;0;0;0;0;0
0;0;0;0;0;1;0;0;1;0;0;1;0;0
0;0;0;0;0;1;0;0;1;0;0;0;0;0
0;0;0;0;0;1;0;0;1;0;0;0;0;0
0;0;0;0;0;1;0;0;1;0;0;0;0;0
0;0;0;0;0;1;0;0;1;0;0;0;0;0
0;0;0;0;0;1;0;0;1;0;0;0;0;0
0;0;0;0;0;1;0;0;1;0;0;0;0;0
0;0;0;0;0;1;1;0;1;0;0;0;0;0
0;0;0;0;0;1;1;0;1;0;0;0;0;0
0;0;0;0;0;1;0;0;1;0;0;0;0;0
0;0;0;0;0;1;0;0;1;0;0;0;0;0
0;0;0;0;0;1;0;0;1;0;0;0;0;0
0;0;0;0;0;1;0;0;1;0;0;0;0;0
0;0;0;0;0;1;0;0;1;0;0;0;0;0
0;0;0;0;0;1;1;0;1;0;0;0;0;0
0;0;0;0;0;1;0;0;1;0;0;0;0;0
0;0;0;0;0;1;0;0;1;0;0;0;0;0
0;0;0;0;0;1;0;0;1;0;0;0;0;0
0;0;0;0;0;1;0;0;1;0;0;0;0;0
0;0;0;1;0;1;0;0;1;0;0;0;0;0
0;0;0;1;1;1;0;0;0;0;0;0;0;0
0;0;0;1;0;1;0;0;1;0;1;0;0;0
0;0;0;1;0;1;0;0;0;0;0;0;0;0
0;0;0;1;0;1;1;0;1;0;0;0;0;0
0;0;0;1;0;1;0;0;1;0;0;0;0;0
0;0;0;1;0;1;1;0;1;0;0;0;0;0
0;0;0;1;0;1;0;0;0;0;0;0;0;0
0;0;1;1;1;1;0;0;0;0;0;0;0;0
0;0;0;1;0;1;0;0;1;0;0;0;0;0
0;0;0;1;0;1;0;0;1;0;1;0;0;0
0;0;0;1;0;1;0;0;1;0;0;0;0;0
0;0;0;1;0;1;0;0;1;0;0;1;0;0
0;0;0;1;0;1;0;0;1;0;0;0;0;0
0;0;0;1;0;1;0;0;1;0;0;0;0;0
0;0;0;1;0;1;1;0;0;0;0;0;0;0
0;0;0;1;0;1;1;0;0;0;0;0;0;0
0;0;0;1;0;1;1;0;0;0;0;0;0;0
0;0;0;1;0;1;0;0;1;0;0;0;0;0
0;0;0;1;0;1;1;0;1;0;0;0;0;0
0;0;0;1;0;1;0;0;1;0;0;0;0;0
0;0;0;1;0;1;0;0;0;0;0;0;0;0
0;0;0;1;0;1;0;0;1;0;0;0;0;0
0;0;0;1;0;1;0;0;1;0;0;0;0;0
0;0;0;1;0;1;0;0;1;0;0;0;0;0
0;0;1;0;0;1;1;0;1;0;0;0;0;0
0;0;1;0;0;1;1;0;1;0;0;0;0;0
0;0;1;0;0;1;1;0;1;0;0;0;0;0
0;0;1;0;0;1;0;0;1;0;0;0;0;0
0;0;1;0;0;1;1;0;1;0;0;0;0;0
0;0;1;0;0;1;1;0;1;0;0;0;0;0
0;0;1;0;0;1;1;0;1;0;0;0;0;0
0;0;1;0;0;1;1;0;1;0;1;0;0;0
0;0;1;0;0;1;0;0;1;0;0;0;0;0
0;0;1;0;0;1;0;0;1;0;0;0;0;0
0;0;1;0;0;1;1;0;1;0;1;0;0;0
0;0;1;0;0;1;1;0;1;0;0;0;0;0
0;0;1;0;1;1;0;0;1;0;0;0;0;0
0;0;1;0;0;1;0;0;1;0;0;0;0;0
0;0;0;0;1;1;1;0;1;0;1;0;0;0
0;0;1;0;0;1;1;0;1;0;1;0;0;0
0;0;1;0;0;1;1;0;1;0;0;0;0;0
0;0;1;0;0;1;0;0;1;0;0;1;0;0
0;0;1;0;0;1;1;0;1;0;0;0;0;0
0;0;1;0;1;1;1;0;1;0;0;1;0;0
0;0;1;0;1;1;1;0;1;0;0;0;0;0
0;0;1;0;0;1;0;0;1;0;0;0;0;0
0;0;1;0;0;1;1;0;1;0;0;0;0;0
0;0;1;0;0;1;0;0;1;0;0;0;0;0
0;0;1;0;0;1;0;0;1;0;0;1;0;0
0;0;1;0;0;1;0;0;1;0;1;1;0;0
0;0;1;0;0;1;0;0;1;0;1;0;0;0
0;0;1;0;1;1;0;0;1;0;0;0;0;0
0;0;1;0;0;1;0;0;1;0;0;0;0;0
0;0;1;0;0;1;0;0;1;0;0;0;0;0
0;0;1;0;1;1;0;0;1;0;0;0;0;0
0;0;1;0;0;1;0;0;1;0;1;0;0;0
0;0;1;0;0;1;0;0;1;0;1;0;0;0
0;0;1;0;0;1;0;0;1;0;1;0;0;0
0;0;1;0;0;1;0;0;1;0;0;0;0;0
0;0;1;0;0;1;0;0;1;0;0;0;0;0
0;0;1;0;0;1;0;0;1;0;0;0;0;0
0;0;1;0;0;1;0;0;1;0;0;0;0;0
0;0;1;0;0;1;1;0;1;0;0;0;0;0
0;0;1;0;0;1;1;0;1;0;0;0;0;0
0;0;1;0;1;1;0;0;1;0;0;0;0;0
0;0;1;0;0;1;1;0;1;0;0;1;0;0
0;0;1;0;0;1;0;0;1;0;0;0;0;0
0;0;1;0;0;1;0;0;1;0;0;0;0;0
0;0;1;0;0;1;1;0;1;0;0;1;0;0
0;0;1;0;1;1;1;0;1;0;0;0;0;0
0;0;1;0;0;1;0;0;1;0;0;0;0;0
0;0;0;0;0;1;1;0;1;0;1;0;0;0
0;0;1;0;0;1;1;0;1;0;0;0;0;0
0;0;1;0;0;1;1;0;1;0;0;0;0;0
0;0;1;0;0;1;0;0;1;0;0;0;0;0
0;0;1;0;1;1;0;0;1;0;0;0;0;0
0;0;1;0;0;1;0;0;1;0;0;0;0;0
0;0;1;0;0;1;0;0;1;0;1;0;0;0
0;0;1;0;1;1;0;0;1;0;1;0;0;0
0;0;1;0;0;1;0;0;1;0;0;0;0;0
0;0;1;0;0;1;1;0;1;0;0;0;0;0
0;0;0;0;1;1;0;0;1;0;1;0;0;0
0;0;1;0;1;1;0;0;1;0;1;1;0;0
0;0;1;0;1;1;0;0;1;0;0;0;0;0
0;0;1;0;0;1;0;0;1;0;0;0;0;0
0;0;1;0;0;1;0;0;1;0;0;0;0;0
0;0;1;0;0;1;0;0;1;0;0;0;0;0
0;0;1;0;0;1;0;0;1;0;0;0;0;0
0;0;1;0;0;1;0;0;1;0;0;0;0;0
0;0;1;0;0;1;1;0;1;0;0;0;0;0
0;0;1;0;0;1;1;0;1;0;0;0;0;0
0;0;0;0;0;1;0;0;1;0;1;0;0;0
0;0;1;0;1;1;0;0;1;0;0;1;0;0
0;0;1;0;0;1;0;0;1;0;0;0;0;0
0;0;1;0;1;1;0;0;1;0;0;0;0;0
