ID;BRAF;KRAS;NRAS;PIK3CA;PTEN;TRANSL;APC;CTNNB1;FBXW7;SMAD4
"19/3-3571-1.1-1.19; 2.1";0;0;0;1;0;0;0;0;0;0
18/3-2468-1.1-1.22.;0;1;0;0;0;0;0;0;0;0
21/3-1734-1.1-1.50;0;1;0;0;0;0;0;0;0;0
18/3-2271-1.1-1.26;0;1;0;1;1;0;0;0;0;0
"18/2-1042-1.1-1.4, 18/3-2261-1.1-1.4;2.1-2.2;3.1-3.11-";0;1;0;1;0;0;0;0;0;0
21/3-1531-1.13;0;0;0;1;0;0;0;0;0;0
"19/3-4781-1.1-1.30;2.1-2.2;3.1-3.9";0;1;0;1;0;0;0;0;0;0
18/3-7770-1.1-1.48;0;1;0;0;0;0;0;0;0;0
"18/3- 3058- 1.1-1.12, 18/3-3291-1.1-1.28; 2.1-2.4";0;1;0;0;0;0;0;0;0;0
"20/3-4678-1.1-1.40;2.1-2.17;3.1-3.29";0;1;0;0;1;0;0;0;0;0
"19/3-1629-1.1-1.38;2.1-2.3";0;1;0;0;1;0;0;0;0;1
19/3-1912-1.1-1.2;0;1;0;1;0;0;0;0;0;0
19/2-2914-1.1-1.3, 19/3-7328-1.1-1.48;0;1;0;0;1;0;0;0;0;0
21/3-5887-1.1-1.4;0;1;0;0;1;0;0;0;0;1
21/2-4332-1.1-1.3., 21/3-8600-1.1-1.33;0;1;0;1;0;0;0;0;0;0
19/3-7493-1.1-1.46.;0;1;0;1;1;0;0;0;0;0
20/3-2826-1.1-1.28;0;1;0;0;0;0;0;0;0;0
"20/3-6036-1.1-1.35; 2.1-2.4";0;1;0;0;0;0;0;0;0;0
19/2-2876-1.1-1.4;0;1;0;0;1;0;0;0;0;1
18/2-4048-1.1-1.3;0;1;0;0;1;0;0;0;0;0
21/2-3027-1.1-1.2.;0;0;0;1;0;0;0;0;0;0
21/3-1069-1.1-1.35.;0;1;0;1;0;0;0;0;0;0
20/3-6766-1.1-1.24;0;1;0;0;0;0;0;0;0;0
"20/3-7423-1.1-1.25; 2.1-2.3";0;1;0;1;0;0;0;0;0;0
21/3-3295-1.4;0;1;0;0;0;0;0;0;0;0
21/3-3194-1.6;0;1;0;1;0;0;0;0;0;0
20/3-3234-1.1-1.30.;1;0;0;0;0;0;0;0;0;0
18/3-2995-1.1-1.26;1;0;0;1;0;0;0;0;0;0
"19/3-617-1.1-1.41; 2.1; 3.1-3.14, 20/3-2620-1.1-1.35;";1;0;0;0;0;0;0;0;0;0
18/2-105-1.1-1.4, 18/3-744-1.1-1.41;0;1;0;0;0;0;1;0;0;0
21/3- 1643- 1.8;0;0;0;1;0;0;0;0;0;0
"18/2-792-1.1-1.2; 2.1-2.2; 3.1-3.2; 4.1-4.2, 18/3-2651-1.1-1.19";0;0;0;0;0;0;0;1;0;0
18/2-785-1.1-1.4., 18/3-3050-1.1-1.43;1;0;0;0;1;0;0;0;0;0
20/3- 7970- 1.1-1.30;1;0;0;1;0;0;0;0;0;0
"21/3-2150-1.1-1.39; 2.1-2.10";1;0;0;0;1;0;0;0;1;0
18/3-7110-1.1-1.36;0;0;0;0;0;0;0;1;0;0
18/3-2268-1.1-1.28;0;1;0;0;1;0;0;0;0;0
21/2-585-1.1-1.2, 21/3-2633-1.1-1.33;1;0;0;0;0;0;0;0;1;0
21/3-1998-1.1-1.39;1;0;0;1;0;0;0;0;1;0
18/3-2879-1.1-1.57;0;1;0;0;0;0;1;0;1;0
21/3-5263-1.1-1.43;0;0;0;0;1;0;0;0;1;0
20/3-1175-1.1-1.26;0;0;0;0;0;0;1;0;0;0
"21/3-7807-1.1; 2.1-2.25";0;1;0;0;0;0;0;1;1;0
18/3-6026-1.1-1.48 (взят в работу), 19/2-1062-1.1, 19/3-3239-1.1-1.25;0;1;0;0;0;0;1;0;0;1
"7893/77439-77444, 21/2-185-1.1-1.3, 21/3-3392-1.1-1.45; 2.1-2.6; 3.1-3.6";0;1;0;0;1;0;0;1;0;0
19/3-8832-1.1-1.37;0;0;0;0;1;1;1;0;1;0
"19/2-3581-1.1-1.2, 19/3-10019-1.1-1.41;";0;0;0;1;0;0;0;0;0;0
21/3-125-1.1-1.45;0;1;0;0;1;0;1;0;0;0
20/3-1945-1.1-1.32;1;0;0;0;0;0;0;0;0;1
19/3- 2888- 1.1-1.37;1;0;0;0;0;0;0;0;0;0
"21/3-4409-1.1-1.32; 2.1-2.2";0;0;0;0;0;1;1;0;0;0
20/2-2646-1.1-1.4, 21/3-4854-1.1-1.73;0;0;0;0;1;1;0;0;0;0
20/3-5600-1.1-1.38;1;0;0;0;0;0;0;0;1;0
21/3-5100-1.1-1.31;0;1;0;0;0;0;1;0;1;0
20/3-1079-1.1-1.53;1;0;0;0;0;0;0;0;0;0
16/2-5208-1.1-1.4, 17/3-81-1.1-1.29, 18/2-4888-1.1-1.2;1;0;0;0;0;0;0;0;0;0
20/3-6121-1.1-1.34;1;0;0;0;0;0;0;0;0;0
21/2-1204-1.1-1.3, 20/3-4015 (тут больше материала);0;0;0;0;0;1;0;0;0;0
21/3-659-1.1-1.47;0;1;0;1;0;0;0;0;0;0
21/2-24-1.1-1.3;0;0;0;0;0;0;0;0;0;0
19/2-4227-1.1-1.3, 20/3-3355-1.1-1.37;0;0;0;1;0;0;1;0;0;0
"21/3-4369-1.1-1.48; 2.1";1;0;0;1;0;0;0;0;0;0
21/2-155-1.1-1.2, 21/3-1666-1.1-1.34;0;1;0;0;0;0;0;0;1;0
18/2-698-1.1-1.4, 18/3-2647-1.1-1.21;0;1;0;1;1;0;0;0;0;0
18/3-2823-1.1-1.30;0;1;0;1;1;0;0;0;0;0
18/3-2810-1.1-1.26;0;1;0;1;0;0;0;1;0;0
18/3-1817-1.1-1.19;0;1;0;1;0;0;0;0;0;0
19/3-6768-1.1-1.38;0;1;0;1;1;0;0;0;0;1
"20/-2151-1.1-1.2., 20/3-5769-1.1-1.27; 2.1-2.39";0;1;0;0;0;0;0;0;0;0
20/2-228-1.1;0;1;0;1;0;0;0;0;0;0
"19/3-8580-1.1-1.32; 2.1";0;1;0;0;1;0;0;0;0;0
20/3-968-1.1-1.24;0;1;0;0;0;0;0;0;0;0
"20/2-839-1.1; 2.1";0;0;0;1;1;0;0;0;0;0
"21/3-6665-1.1-1.6; 2.1-2.5";0;1;0;0;0;0;0;0;0;0
21/3-4211-1.1-1.26;0;0;0;0;0;0;0;0;1;0
20/3-7579-1.1-1.45;0;0;0;1;1;0;0;0;0;0
20/3-4742-1.1-1.31;0;1;0;0;1;0;0;0;0;0
19/3-6426-1.1-1.18;0;0;0;0;0;0;0;0;0;1
"18/2-601-1.1-1.4, 18/3-7111-1.1-1.145; 2.1-2.3";0;1;0;0;0;0;0;0;0;0
20/2-2521-1.1-1.4;0;1;0;1;0;0;0;0;0;0
20/3-6522-1.1-1.42;0;1;0;0;0;0;0;0;0;0
"21/3-5443-1.1-1.13; 2.1-2.7; 3.1-3.5; 4.1-4.39; 5.1-5.10";0;1;0;0;0;0;0;0;0;1
"20/3-1840-1.1-1.51;2.1";0;1;0;1;0;0;0;0;1;0
20/2-3333-1.1-1.3, 20/3-8023-1.1-1.22;0;1;0;0;0;0;0;0;0;0
19/3- 813- 1.1-1.42;0;0;0;1;0;0;0;0;0;0
20/3-8204-1.1-1.36, 2.1-2.3;0;1;0;0;0;0;0;0;0;1
"18/2-4038-1.1-1.4, 19/3-5668-1.1-1.20; 2.1-2.2; 3.1-3.2";0;1;0;0;1;0;0;1;0;1
21/2-3109-1.1;0;0;0;1;0;0;0;1;0;0
"20/3-6639-1.1-1.44; 2.1-2.2";0;1;0;0;0;0;0;0;0;0
20/2-2994-1.1-1.3;0;0;0;1;0;0;0;0;0;0
"20/3-7676-1.1-1.6; 2.1-2.3; 3.1-3.3; 4.1-4.2";0;1;0;0;0;0;0;0;0;0
21/3-2610-1.1-1.20.;0;1;0;0;0;0;0;0;0;0
19/2-1109-1.1-1.2.;0;1;0;0;1;0;0;0;0;0
21/3-7146-1.1-1.28;0;0;0;1;0;0;0;0;0;0
20/3-4541-1.1-1.8;1;1;0;0;0;0;0;1;0;0
21/2-1492-1.1-1.2., 21/3-4047-1.1-1.50;0;1;0;1;0;0;0;0;0;0
20/2-3748-1.1-1.2;0;1;0;1;0;0;0;0;0;0
"21/3-662-1.1-1.28; 2.1-2.9; 3.1-3.3";0;1;0;0;0;0;0;0;0;0
21/3-2404-1.1-1.5;0;1;0;0;0;0;0;0;0;0
"19/3-566-1.1; 2.1-2.3;";0;1;0;0;0;0;0;0;0;0
"19/3-4280-1.1-1.2; 2.1-2.8; 3.1-3.2; 4.1-4.3";0;1;0;0;0;0;0;0;0;0
20/3-3265-1.1-1.33;0;1;0;0;0;0;0;1;0;1
18/3-5845-1.1-1.24;0;1;0;0;0;0;0;0;0;0
21/3- 409- 1.1-1.37;0;1;0;0;0;0;0;0;0;0
20/3-8043-1.1-1.2, 21/3-8890-1.1-1.31;0;1;0;0;1;0;0;0;0;0
21/3-1798-1.1-1.34;0;1;0;1;0;0;1;0;0;0
18/2-354-1.1-1.4, 18/3-907-1.1-1.40;0;1;0;1;0;0;1;0;0;0
18/3-2824-1.1-1.24;0;1;0;1;0;0;1;0;0;0
"18/3-2732-1.1-1.24;2.1-2.10";0;1;0;1;0;0;1;0;0;0
18/2-902-1.1-1.4, 18/3-2806-1.1-1.30;0;1;0;0;0;0;1;0;0;1
18/3-3112-1.1-1.30;0;1;0;0;0;0;1;0;0;0
18/3-3110-1.1-1.30;0;1;0;0;0;0;1;0;0;0
"21/3-5173-1.1-1.22;2.1";0;1;0;0;0;0;1;0;0;0
20/2-2455-1.1-1.5, 20/3-6943-1.1-1.32;0;1;0;1;0;0;1;0;0;0
20/3- 4032- 1.1-1.31;0;1;0;0;1;0;1;0;0;0
"18/3-7413-1.1-1.27; 2.1-2.2";0;1;0;0;1;0;1;0;0;0
19/2-4161-1.1-1.2, 20/3-801-1.1-1.32, 21/2-626-1.1-1.2;0;1;0;0;1;0;1;0;0;0
19/3-6956-1.1-1.24;0;1;0;0;1;0;1;0;0;0
"20/3-2991-1.1-1.2; 2.1-2.7; 3.1-3.5; 4.1-4.29; 5.1-5.3; 6.1-6.4";0;1;0;1;1;0;1;0;0;0
"18/3-5720-1.1; 2.1-2.26";0;1;0;0;1;0;1;0;0;0
21/2-1923-1.1-1.3;0;1;0;0;1;0;1;0;0;0
"19/3-5912-1.1; 1.2-1.7; 2.1; 2.2";0;1;0;1;0;0;1;0;0;0
"19/3-7293-1.1-1.2; 2.1-2.2; 3.1-3.4";0;1;0;0;1;0;1;0;0;0
18/3-6291-1.1-1.28;0;1;0;1;0;0;1;0;1;0
"20/3-5505-1.1-1.39; 2.1-2.2";0;1;0;0;1;0;1;0;0;0
20/3-5515-1.1-1.41.;0;1;0;0;0;0;1;0;0;0
20/2-4017-1.1-1.2, 21/3-721-1.1-1.42;0;1;0;0;1;0;1;0;0;0
"20/3-5773-1.1-1.29;2.1-2.10;3.1-3.2";0;1;0;1;0;0;1;0;0;0
"20/2-1890-1.1-1.6; 2.1-2.3., 21/3-3816-1.1-1.35;2.1;3.1-3.7";0;1;0;1;0;0;1;0;1;0
"20/2- 2495- 1.1-1.5, 20/3-5864-1.1-1.36; 2.1-2.8";0;1;0;1;0;0;1;0;0;0
"19/3-1721-1.1; 1.2-1.6, 19/3-1762-1.1-1.36; 2.1-2.4";0;1;0;1;0;0;1;0;1;0
19/3-7705-1.1-1.68.;0;1;0;0;0;0;1;0;0;0
19/3- 6050- 1.1-1.34;0;1;0;0;0;0;1;0;0;0
20/2-2273-1.1-1.2, 20/3-5958-1.1-1.26;0;1;0;0;0;0;1;0;0;0
21/2-321-1.1-1.2;0;1;0;0;0;0;1;0;0;0
19/2-3549-1.1-1.3;0;1;0;1;0;0;1;0;0;0
21/3-815-1.1-1.29;0;1;0;1;0;0;1;0;0;0
21/3-8885-1.1-1.34;0;1;0;0;0;0;1;0;0;0
"21/3-2052-1.1-1.30; 2.1-2.2";0;1;0;0;0;0;1;0;0;0
20/3-2789-1.1-1.37-;0;1;0;1;0;0;1;0;0;0
"16/3-2010-1.1-1.2, 2.1, 3.1-3.2, 4.1-4.3, 5.1-5.2, 6.1, 7.1-7.2, 8.1; 18/2-1792-1.1-1.2; 18/3-5680-1.1-1.17";0;1;0;0;1;0;1;0;0;0
20/3-6636-1.1-1.8;0;1;0;0;1;0;1;0;0;0
"21/3-1161-1.1-1.50; 2.1-2.2; 3.1-3.4; 4.1";0;1;0;0;0;0;1;0;0;1
18/3-8489-1.1-1.31;0;1;0;0;1;0;1;0;1;0
19/3-7592-1.1-1.31;0;1;0;0;0;0;1;0;0;0
20/3-691-1.1;0;1;0;0;0;0;1;0;0;1
21/3-5748-1.1-1.4;0;1;0;0;0;0;1;0;0;0
"18/3-2269-1.1-1.20;2.1-2.2;3.1-3.3;4.1-4.5;5.1-5.3";0;1;0;0;1;0;1;0;0;0
"20/2-2505-1.1-1.2, 20/3-7792-1.1-1.33; 2.1-2.26, 2.27-2.28";0;1;0;1;0;0;1;0;0;0
19/3- 7829- 1.1;0;1;0;0;0;0;1;0;0;0
"21/2-4391-1.1-1.3;2.1.";0;1;0;1;0;0;1;0;0;1
20/3-8422-1.1-1.45;0;1;0;0;0;0;1;0;0;0
"16/3-1735-1.1-1.36;2.1-2.3";0;1;0;0;0;0;1;0;0;0
20/2-1057-1.1-1.2;0;1;0;1;0;0;1;0;0;0
"20/3-7421-1.1-1.51; 2.1; 3.1-3.5";0;1;0;0;0;0;1;0;0;0
21/2- 976-1.3.;0;1;0;0;1;0;1;0;0;0
"18/3-8848-1.1-1.23; 2.1-2.2";0;1;0;0;0;0;1;0;0;1
19/3-2250-1.1-1.30;0;1;0;0;0;0;1;0;0;0
19/3-1492-1.1-1.31;0;1;0;0;0;0;1;0;0;0
20/3-7656-1.1-1.23;0;1;0;1;0;0;1;0;0;1
20/3-8317-1.1-1.33;0;1;0;1;0;0;1;0;0;0
"18/3-2683-1.1-1.34; 2.1-2.11; 3.1-3.6";0;0;0;0;0;0;0;0;0;0
"18/3-2270-1.1-1.25; 2.1-2.2";0;0;0;0;1;0;0;0;0;0
18/2-353-1.1-1.4, 18/3-2658-1.1-1.16;0;0;0;0;0;0;0;0;0;0
21/3-1361-1.27;0;0;0;0;0;0;0;0;0;0
"19/3-7830-1.1; 2.1, 20/3-1603-1.1-1.49";0;0;0;0;1;0;0;0;0;0
20/3-7092-1.1-1.31;0;0;0;0;1;0;0;0;0;0
20/3-1329-1.1-1.32;0;0;0;0;1;0;0;0;0;0
21/3-8493-1.1-1.28;0;0;0;0;0;0;0;0;0;0
"21/3-5765-1.1-1.4  ;2.1- 2.32";1;0;0;0;1;0;0;0;0;0
21/3-3812-1.1-1.32;1;0;0;0;0;0;0;0;0;0
19/3-4772-1.1-1.6;0;0;0;0;1;0;0;0;0;0
21/2-2278-1.1-1.2, 21/3-4963-1.1-1.35, 21/3-4965-1.1-1.27;1;0;0;0;1;0;0;0;0;0
"19/2-2558-1.1-1.2, 19/3-7330-1.1-1.33; 2.1-2.2";1;0;0;0;0;0;0;0;0;0
20/3-5187-1.1-1.5;1;0;0;0;0;0;0;0;0;0
20/3-5883-1.1-1.40;0;0;0;0;0;0;0;0;0;0
"20/3-5558-1.1-1.46; 2.1-2.6";0;0;0;0;0;0;0;0;0;0
"19/3-6498-1.1-1.24; 2.1-2.5; 3.1-3.2";0;0;0;0;0;0;0;0;0;0
21/3-456-1.1-1.48;0;0;0;0;0;0;0;0;0;0
20/3-6640-1.1-1.20;0;0;0;0;0;0;0;0;0;0
20/3-3564-1.1-1.41;1;0;0;0;0;0;0;0;0;0
"20/3-6319-1.1-1.5; 2.1-2.3";0;0;0;0;1;0;0;0;0;0
"20/3-6451-1.1-1.43; 2.1-2.10";1;0;0;0;0;0;0;0;0;1
"20/3-5915-1.1-1.16; 2.1-2.4; 3.1-3.5; 4.1-4.3.";0;0;0;0;1;0;0;0;0;0
16/3-2388-1.1-1.31;0;0;0;0;0;0;0;0;0;0
21/2-3794-1.1-1.2;1;0;0;0;0;0;0;0;0;0
19/3-3219-1.1-1.22;1;0;0;0;0;0;0;0;0;1
19/3- 6901- 1.1-1.44;0;0;0;0;0;0;0;0;0;0
21/2-1096-1.1-1.3, 21/2-3864-1.1, 21/3-9301-1.1-1.47;0;0;0;0;0;0;0;0;0;0
18/3-8280-1.1-1.24;1;0;0;1;0;0;0;0;0;0
20/2-2764-1.1-1.2;0;0;0;0;0;0;0;0;0;0
"21/3-203-1.1-1.10; 2.1-2.8";0;0;0;0;0;0;0;0;0;0
"19/3-497-1.1-1.34;2.1-2.2";0;0;0;0;0;0;0;0;0;0
18/3-2990-1.1-1.12;0;0;0;0;1;0;0;0;0;0
"21/3-1574-1.1-1.37; 2.1-2.3";1;0;0;1;0;0;0;0;0;0
18/3-3067-1.1-1.12;0;0;0;0;1;0;1;0;0;0
21/3-1667-1.1-1.40;1;0;0;1;0;0;1;0;1;0
21/3-629-1.1-1.2, 21/3-2107-1.1-1.56.;0;0;0;1;0;0;1;0;0;0
21/3-2332-1.1-1.35;1;0;0;0;0;0;0;0;0;0
19/3-7741-1.1-1.30;0;0;0;0;0;0;0;0;0;0
"18/3-1188-1.1-1.8; 2.1-2.29., 18/3- 4156- 1.1-1.7; 2.1";0;0;0;0;1;0;0;0;0;0
18/3-2031-1.1-1.27, 19/2-2013-1.1-1.2;0;0;0;0;0;0;0;0;0;0
17/3-1372-1.1-1.33;0;0;1;0;0;0;0;0;0;0
20/3-2773-1.1-1.26;0;0;0;1;1;0;1;0;0;0
18/3-3378-1.1-1.21;0;0;0;0;1;0;1;0;0;0
"20/3-4504-1.1-1.30; 2.1";0;1;1;1;0;0;1;0;0;0
21/2-3420-1.1-1.2;0;0;1;0;0;0;1;0;1;0
"18/3- 8011- 1.1-1.11, Дорезка; 1.12-1.18";0;0;0;0;0;0;1;0;0;0
20/3-2372-1.1-1.31;0;0;0;0;0;0;1;0;0;1
"21/3-3416-1.1-1.37; 2.1-2.7";0;0;0;1;0;0;1;0;0;0
21/3-8403-1.1-1.24.;0;0;0;0;0;0;0;0;0;0
"20/3-508-1.1-1.37;2.1-2.6;3.1-3.3";0;0;0;0;0;0;0;0;0;0
18/2-3133-1.1-1.2.;0;0;0;0;0;0;1;0;0;0
18/3-4023-1.1-1.6;0;1;1;0;0;0;1;0;0;0
16/3-8127-1.1-1.27, 19/3-3398-1.1-1.23;0;0;0;1;1;0;1;0;0;0
20/2-2330-1.1-1.2;0;0;0;0;0;0;1;0;0;0
21/3-4654-1.1-1.3, 2.1-2.5, 3.1-3.5;0;0;0;0;0;0;0;0;0;0
20/3-4730-1.1-1.28;0;0;1;0;0;0;0;0;0;0
19/2-3497-1.2, 21/2-372-1.1-1.2;1;0;0;0;0;0;1;0;0;0
"20/3-3001-1.1-1.7; 2.1-2.4";0;0;0;0;0;0;1;0;0;0
"19/3-7937-1.1-1.3; 2.1-2.2; 3.1-3.2; 4.1; 5.1-5.4; 6.1-6.2; 7.1-7.26; 8.1-8.4; 9.1-9.27";0;0;1;0;0;0;1;0;0;0
"19/3-3626-1.1-1.27; 2.1";0;0;0;1;0;0;1;0;0;0
20/3-2574-1.1-1.28;0;0;0;1;0;0;1;0;0;0
"21/3-756-1.1-1.31; 2.1-2.2";0;0;0;1;0;0;1;0;0;0
18/3-2115-1.1, 2.1-2.2, 3.1, 4.1-4.2, 5.1-5.8, 6.1-6.2;0;0;0;0;0;0;1;0;0;0
18/2-1240-1.1-1.4, 18/3-2846-1.1-1.18.;1;0;0;0;1;0;1;0;0;0
18/3-2771-1.1-1.16.;0;0;0;0;1;0;1;0;0;0
"19/3- 9100- 1.1-1.29; 2.1-2.9";0;0;0;0;1;0;1;0;0;0
"19/3-5472-1.1-1.41; 2.1-2.2; 3.1-3.3";0;0;0;0;1;0;1;0;0;0
"19/3-6490-1.1-1.24; 2.1-2.4";0;0;0;0;1;0;1;0;0;0
21/2-736-1.1-1.2;0;0;0;0;1;0;1;0;0;1
21/3-4048-1.1-1.20;0;0;0;0;1;0;1;0;0;0
18/3-7017-1.1-1.38;0;0;0;0;0;0;1;0;0;0
16/2-3211-1.1-1.3;0;0;0;0;0;0;1;0;0;0
"20/3- 4238- 1.1-1.30; 2.1; 3.1-3.5";0;0;0;0;0;0;1;0;0;0
21/2-2104-1.1-1.3, 21/3-5114-1.1-1.32;0;0;0;0;1;0;1;0;0;0
20/3-4831-1.1-1.29;0;0;0;0;1;0;1;0;0;0
"20/2-1883-1.1-1.2, 20/3-5308-1.1-1.26; 2.1-2.3; 3.1; 4.1-4.6; 5.1-5.2; 6.1.";0;0;0;0;1;0;1;0;0;0
"18/3-8895-1.1-1.4;2.1-2.8";0;0;0;0;1;0;1;0;0;0
"19/3-2553-1.1-1.21; 2.1; 3.1-3.5";0;0;0;0;1;0;1;0;0;0
"19/3- 7114- 1.1-1.52; 2.1-2.2; 3.1-3.4";0;0;0;0;0;0;1;0;0;0
15/3-6710-1.1-1.23;0;0;0;0;1;0;1;0;0;0
"20/3-2416-1.1-1.28; 2.1-2.2";0;0;0;0;1;0;1;0;0;0
19\3-5304-1.1-1.66;0;0;0;0;0;0;1;0;0;0
"18/2-1827-1.1-1.4, 18/3-4406-1.1-1.8; 2.1-2.6; 3.1-3.27";0;0;0;0;1;0;1;0;0;1
"19/3-4837-1.1-1.34; 2.1";0;0;0;0;0;0;1;0;0;0
21/2-22-1.1-1.3;0;0;0;0;0;0;1;0;0;0
19/3-5739-1.1-1.20;0;0;0;0;0;0;1;0;0;0
18/2-1560-1.1;0;0;0;0;0;0;1;0;0;0
"18/2-4032-1.1-1.4, 18/3-8591-1.1-1.12;2.1-2.16";0;0;0;0;1;0;1;0;0;0
"19/3-7713-1.1-1.36; 2.1-2.3";0;0;0;0;0;0;1;0;0;0
19/3-8081-1.1-1.55;0;0;0;0;0;0;1;0;0;0
20/3-6488-1.1-1.48;0;0;0;0;0;0;1;0;0;1
"20/3-7829-1.1-1.42; 2.1-2.3";0;0;0;0;0;0;1;0;0;0
20/3-8211-1.1-1.43;0;0;0;0;0;0;1;0;0;0
21/3-5408-1.1-1.3;0;0;0;0;0;0;1;0;0;0
18/3-3918-1.1-1.28;0;0;0;0;0;0;1;0;0;0
21/3-2657-1.1-1.47, 2.1-2.4;0;0;0;0;0;0;1;0;0;0
20/2-2588-1.1-1.3.;0;0;0;0;0;0;1;0;0;0
21/3-6599-1.1-1.43;0;0;0;0;1;0;1;0;0;0
"21/3-6965-1.1-1.24; 2.1-2.2";0;0;0;0;1;0;1;0;0;0
"21/3-1137-1.1-1.42;2.1-2.4";0;0;0;0;0;0;1;0;0;0
"19/3-4808-1.1-1.4, 19/3-8538-1.1-1.22;2.1-2.2;3.1-3.10;4.1-4.7";0;0;0;0;0;0;1;0;0;0
21/3-7993-1.1-1.40.;0;0;0;0;0;0;1;0;0;0
20/3-1806-1.1-1.55;0;0;0;0;0;0;1;0;0;0
"20/3-548-1.1-1.47; 2.1";0;0;0;0;0;0;1;0;0;0
"20/3-5914-1.1-1.49; 2.1-2.2.";0;0;0;0;1;0;1;0;0;0
21/3-3779-1.1-1.39;0;0;0;0;0;0;1;0;0;0
"18/3-7473-1.1-1.14; 2.1-2.2";0;0;0;0;0;0;1;0;0;0
"20/3-1595-1.1-1.35; 2.1-2.2";0;0;0;0;0;0;1;0;0;0
21/2-3643-1.1-1.2, 21/3-8768-1.1-1.42;0;0;0;0;0;0;1;0;0;0
21/3-1265-1.9;0;0;1;0;0;0;1;0;0;0
18/3-6526-1.1-1.31-;0;0;1;1;0;0;0;0;0;0
14/2-4706-1.1-1.5, 15/3-1809-1.1-1.42, 2.1-2.3;0;0;1;0;0;0;1;0;1;0
18/2-1691-1.1-1.2;0;0;1;0;0;0;0;0;0;0
20/2-1477-1.1-1.3;0;0;1;0;1;0;1;0;0;0
21/2-2008-1.1-1.2;0;0;1;0;0;0;1;0;0;0
"20/3- 7971- 1.1-1.33; 2.1-2.6; 3.1-3.3";0;0;1;0;1;0;1;0;0;0
20/3-5399-1.1-1.27;0;0;1;0;0;0;0;0;0;0
"20/3-1794-1.1-1.36; 2.1-2.2";0;1;1;1;0;0;0;0;0;0
21/3-410-1.1-1.40;0;0;1;0;0;0;1;0;0;0
"20/3-963-1.1-1.3; 2.1-2.24-; 3.1-3.6";0;0;1;0;0;0;1;0;1;0
21/2-3621-1.1-1.2;0;0;1;0;0;0;1;0;0;0
20/3-6237-1.1-1.48;0;0;1;0;0;0;1;0;0;1
"20/3-4940-1.1;1.3; 1.2;1.4-1.13-";0;0;1;0;0;0;1;0;0;0
"20/3-4761-1.1; 2.1-2.3; 3.1; 4.1; 5.1-5.2; 6.1-6.21; 7.1-7.4; 8.1";0;0;1;0;0;0;1;0;0;0
19/3- 8560- 1.1-1.34;0;0;1;0;1;0;0;0;0;0
"21/3-2477-1.1-1.4; 2.1-2.5; 3.1-3.5";0;0;1;0;1;0;0;0;0;0
"18/3-8983-1.1-1.4; 2.1-2.19";0;0;1;0;1;0;0;0;0;0
21/2-1420-1.1-1.4.,                             21/3-3311-1.1-1.37;0;0;1;0;0;0;1;0;0;0
"20/3-5307-1.1-1.14; 2.1-2.20; 3.1-3.8; 4.1-4.7; 5.1-5.3; 6.1.";0;0;1;0;1;0;1;0;0;0
20/2-3534-1.1-1.2;0;0;1;0;0;0;1;0;0;0
21/3-8004-1.1-1.20;0;0;1;0;0;0;0;0;0;0
16/3-6015-1.1-1.17;0;0;1;0;0;0;1;0;0;0
"20/3-2790-1.1-1.48; 2.1";0;0;1;0;0;0;1;0;0;0
20/3-1360-1.1-1.8;0;0;1;0;0;0;1;0;0;0
21/2-1254-1.1-1.2;0;1;0;0;1;0;1;0;0;0
19/3-7436-1.1-1.49;0;1;0;0;1;0;1;0;0;0
"20/3-1592-1.1-1.24;2.1-2.5;3.1-3.3";0;1;0;0;1;0;1;0;0;0
21/3-4303-1.1-1.54;0;1;0;0;0;0;1;0;0;0
21/3-646-1.1-1.36;0;1;0;0;1;0;1;0;0;0
21/3-829-1.1-1.43.;0;1;0;0;1;0;1;0;0;0
19/3- 575- 1.1-1.15;0;1;0;0;1;0;1;0;0;0
20/3-4391-1.1-1.53;0;1;0;0;1;0;1;0;1;0
"21/3-1338-1.1-1.22; 2.1-2.3";0;1;0;0;0;0;1;0;0;0
19/3-1748-1.1-1.16;0;1;0;0;0;0;1;0;0;0
21/3-6382-1.1-1.20, 2.1-2.2. 1.21-1.31.;0;1;0;0;1;0;1;0;1;0
17/3-6043-1.1-1.63;0;1;0;0;1;0;1;0;0;0
21/2-370-1.1-1.2;0;1;0;1;0;0;1;0;0;0
21/3-3120-1.1-1.81;0;1;0;0;0;0;1;0;0;0
"20/2-2788-1.1-1.4; 2.1-2.3";0;0;0;1;1;0;1;0;1;0
"20/3-4025-1.1;2.1;3.1, 20/3-6707-1.1-1.42";0;1;0;0;1;0;1;0;1;0
"19/3-5911-1.1-1.20;2.1-2.2;3.1-3.5";0;1;0;0;1;0;1;0;0;0
20/3-250-1.1, 20/3-247-1.1-1.54;0;1;0;0;0;0;1;0;0;1
21/2-2285-1.1-1.2;0;1;0;0;1;0;1;0;0;0
20/3-4768-1.1-1.35;0;1;0;1;1;0;1;0;0;1
20/3-4577-1.1-1.53.;0;1;0;1;1;0;1;0;0;0
18/2-3210-1.1-1.2, 18/3-6883-1.1-1.34;0;1;0;0;0;0;1;0;0;0
19/2-3089-1.1-1.2;0;1;0;0;1;0;1;0;0;0
20/3-5216-1.1-1.21;0;1;0;0;0;0;1;0;0;0
"17/3-6617-1.1; 2.1-2.11, 20/2-429-1.1-1.3, 20/3-2353-1.1-1.30";0;1;0;0;0;0;1;0;0;1
18/3-7263-1.1-1.16;0;1;0;0;0;0;1;0;1;1
20/3-5466-1.1-1.30;0;1;0;0;0;0;1;0;1;0
20/3-5860-1.1-1.39;0;1;0;1;0;0;1;0;0;0
20/3-5429-1.1-1.4;0;1;0;0;0;0;1;0;0;0
"21/3-5791-1.1-1.42, 2.1; 3.1-3.2";0;1;0;0;0;0;1;0;0;0
20/2- 2607- 1.1-1.3;0;1;0;1;0;0;1;0;0;0
"20/2-9-1.1-1.2; 2.1; 3.1, 20/3-2445-1.1-1.45";0;1;0;0;0;0;1;0;1;0
"19/3-1110-1.1-1.33; 2.1-2.2";0;1;0;0;0;0;1;0;1;0
19/3-2085-1.1-1.28;0;1;0;0;0;0;1;0;1;0
20/3-8714-1.1-1.40;0;1;0;0;0;0;1;0;0;0
19/3-7880-1.1-1.45;0;1;0;0;0;0;1;0;0;0
"19/3-6408-1.1-1.24;2.1";0;1;0;0;0;0;1;0;0;0
21/3-3107-1.1-1.27. 1.28-1.37.;0;1;0;0;0;0;1;0;0;0
19/3-2700-1.1-1.32;0;1;0;0;1;0;1;0;0;0
"21/3-8940-1.1; 2.1-2,12; 3.1; 4.1-4,8; 5.1-5.22; 6.1-6,2; 7.1-7.3";0;1;0;0;1;0;1;0;0;0
"20/3-3715-1.1; 2.1";0;1;0;1;0;0;1;0;0;0
"19/3-7939-1.1-1.44; 2.1-2.2";0;1;0;0;1;0;1;0;0;1
"21/3-1871-1.1-1.34; 2.1-2.3";0;1;0;0;0;0;1;0;0;0
19/3-8011-1.1-1.35;0;1;0;0;0;0;1;0;0;0
"18/3-4590-1.1-1.16; 2.1-2.7, 19/2-797-1.1";0;1;0;0;1;0;1;0;0;1
21/3-2677-1.1-1.29, 2.1-2.4;0;1;0;1;1;0;1;0;0;0
"19/3-7163-1.1-1.3, 19/2-3402-1.1; 2.1";0;1;0;0;0;0;1;0;0;0
"21/2-280-1.1, 21/3-2294-1.1-1.36  ;2.1-2.2";0;0;0;0;1;0;1;0;1;0
"19/3-9463-1.1-1.51;";0;1;0;0;1;0;1;0;0;0
20/3- 900- 1.1-1.53;0;1;0;0;1;0;1;0;0;0
20/3-7078-1.1-1.41;0;1;0;0;0;0;1;0;0;0
21/3-3543-1.1-1.33;0;1;0;1;0;0;1;0;0;0
"19/3-8901-1.1-1.21; 2.1-2.2";0;1;0;0;0;0;1;0;0;0
"20/3-4795-1.1-1.29; 2.1-2.2";0;1;0;0;0;0;1;0;1;0
18/3-6408-1.1-1.33;0;1;0;1;0;0;1;0;1;0
17/3-2493-1.1-1.33;0;1;0;0;0;0;1;0;0;0
"14/2-2771-1.1-1.10, 14/3-4820-1.1-1.22; 2.1-2.2, 19/2-2844-1.1., 20/3-295-1.1-1.24";0;1;0;0;1;0;1;0;0;0
20/2-182-1.1-1.2;0;0;0;1;0;0;1;0;1;0
20/3-2307-1.1-1.3;0;1;0;1;0;0;1;0;1;1
"19/3-8660-1.1-1.22;2.1;3.1-3.2;4.1";0;1;0;1;0;0;1;0;0;0
"21/3-6119-1.1-1.27; 2.1-2.2; 3.1-3.2";0;1;0;0;0;0;1;0;0;0
21/3-622-1.1-1.42;0;1;0;0;0;0;1;0;0;0
"20/3-7463-1.1-1.37;2.1-2.2";0;1;0;0;0;0;1;0;0;0
"21/3-949-1.1-1.29; 2.1-2.2";0;1;0;0;0;0;1;0;0;0
"21/3-4542-1.1-1.4; 2.1-2.5; 3.1-3.4.";0;1;0;0;0;0;1;0;0;0
"20/2-816-1.1, 20/3-4786-1.1-1.30;2.1.-2.2;  1.31-1.37";0;1;0;0;1;0;1;0;0;0
"21/3-3347-1.1-1.29; 2.1-2.4.";0;1;0;0;1;0;1;0;0;0
"20/3- 1916- 1.1-1.9; 2.1-2.4";0;0;0;0;0;0;1;0;1;0
19/3-9756-1.1-1.28;0;1;0;1;0;0;1;0;0;1
"21/3-1422-1.1-срочное; 1.2-1.4-план";0;1;0;0;0;0;1;0;0;0
20/3-  8749- 1.1-1.3;0;1;0;1;0;0;1;0;0;0
